model,n_folds,ap_mean,ap_std,ci95_low,ci95_high
xgb,3,0.8850776968484796,0.0034076932580217193,0.8766118342853317,0.8935435594116274
hgb,5,0.8809288879111291,0.015409525529115743,0.861798502207625,0.9000592736146332
